sample_index,true_label,true_class,predicted_label,predicted_class,correct
0,0,galaxy,0,galaxy,True
1,0,galaxy,0,galaxy,True
2,0,galaxy,0,galaxy,True
3,0,galaxy,0,galaxy,True
4,0,galaxy,0,galaxy,True
5,0,galaxy,0,galaxy,True
6,0,galaxy,0,galaxy,True
7,0,galaxy,0,galaxy,True
8,0,galaxy,0,galaxy,True
9,0,galaxy,0,galaxy,True
10,0,galaxy,0,galaxy,True
11,0,galaxy,0,galaxy,True
12,0,galaxy,0,galaxy,True
13,0,galaxy,0,galaxy,True
14,0,galaxy,0,galaxy,True
15,0,galaxy,0,galaxy,True
16,0,galaxy,0,galaxy,True
17,0,galaxy,0,galaxy,True
18,0,galaxy,0,galaxy,True
19,0,galaxy,0,galaxy,True
20,0,galaxy,0,galaxy,True
21,0,galaxy,0,galaxy,True
22,0,galaxy,0,galaxy,True
23,0,galaxy,0,galaxy,True
24,0,galaxy,0,galaxy,True
25,0,galaxy,0,galaxy,True
26,0,galaxy,0,galaxy,True
27,0,galaxy,0,galaxy,True
28,0,galaxy,0,galaxy,True
29,0,galaxy,0,galaxy,True
30,0,galaxy,0,galaxy,True
31,0,galaxy,0,galaxy,True
32,0,galaxy,0,galaxy,True
33,0,galaxy,0,galaxy,True
34,0,galaxy,0,galaxy,True
35,0,galaxy,0,galaxy,True
36,0,galaxy,0,galaxy,True
37,0,galaxy,0,galaxy,True
38,0,galaxy,0,galaxy,True
39,0,galaxy,0,galaxy,True
40,0,galaxy,0,galaxy,True
41,0,galaxy,0,galaxy,True
42,0,galaxy,0,galaxy,True
43,0,galaxy,0,galaxy,True
44,0,galaxy,0,galaxy,True
45,0,galaxy,0,galaxy,True
46,0,galaxy,0,galaxy,True
47,0,galaxy,0,galaxy,True
48,0,galaxy,0,galaxy,True
49,0,galaxy,0,galaxy,True
50,0,galaxy,0,galaxy,True
51,0,galaxy,0,galaxy,True
52,0,galaxy,0,galaxy,True
53,0,galaxy,0,galaxy,True
54,0,galaxy,0,galaxy,True
55,0,galaxy,0,galaxy,True
56,0,galaxy,0,galaxy,True
57,0,galaxy,0,galaxy,True
58,0,galaxy,0,galaxy,True
59,0,galaxy,0,galaxy,True
60,0,galaxy,0,galaxy,True
61,0,galaxy,0,galaxy,True
62,0,galaxy,0,galaxy,True
63,0,galaxy,0,galaxy,True
64,0,galaxy,2,star,False
65,0,galaxy,0,galaxy,True
66,0,galaxy,0,galaxy,True
67,0,galaxy,0,galaxy,True
68,0,galaxy,0,galaxy,True
69,0,galaxy,0,galaxy,True
70,0,galaxy,0,galaxy,True
71,0,galaxy,0,galaxy,True
72,0,galaxy,2,star,False
73,0,galaxy,1,quasar,False
74,0,galaxy,0,galaxy,True
75,0,galaxy,0,galaxy,True
76,0,galaxy,0,galaxy,True
77,0,galaxy,0,galaxy,True
78,0,galaxy,0,galaxy,True
79,0,galaxy,0,galaxy,True
80,0,galaxy,0,galaxy,True
81,0,galaxy,0,galaxy,True
82,0,galaxy,0,galaxy,True
83,0,galaxy,0,galaxy,True
84,0,galaxy,2,star,False
85,0,galaxy,0,galaxy,True
86,0,galaxy,0,galaxy,True
87,0,galaxy,0,galaxy,True
88,0,galaxy,0,galaxy,True
89,0,galaxy,0,galaxy,True
90,0,galaxy,0,galaxy,True
91,0,galaxy,0,galaxy,True
92,0,galaxy,0,galaxy,True
93,0,galaxy,0,galaxy,True
94,0,galaxy,0,galaxy,True
95,0,galaxy,0,galaxy,True
96,0,galaxy,0,galaxy,True
97,0,galaxy,0,galaxy,True
98,0,galaxy,0,galaxy,True
99,0,galaxy,2,star,False
100,0,galaxy,0,galaxy,True
101,0,galaxy,0,galaxy,True
102,0,galaxy,0,galaxy,True
103,0,galaxy,0,galaxy,True
104,0,galaxy,0,galaxy,True
105,0,galaxy,0,galaxy,True
106,0,galaxy,0,galaxy,True
107,0,galaxy,0,galaxy,True
108,0,galaxy,1,quasar,False
109,0,galaxy,1,quasar,False
110,0,galaxy,0,galaxy,True
111,0,galaxy,0,galaxy,True
112,0,galaxy,0,galaxy,True
113,0,galaxy,0,galaxy,True
114,0,galaxy,0,galaxy,True
115,0,galaxy,0,galaxy,True
116,0,galaxy,0,galaxy,True
117,0,galaxy,0,galaxy,True
118,0,galaxy,0,galaxy,True
119,0,galaxy,0,galaxy,True
120,0,galaxy,0,galaxy,True
121,0,galaxy,0,galaxy,True
122,0,galaxy,0,galaxy,True
123,0,galaxy,0,galaxy,True
124,0,galaxy,0,galaxy,True
125,0,galaxy,0,galaxy,True
126,0,galaxy,0,galaxy,True
127,0,galaxy,0,galaxy,True
128,0,galaxy,0,galaxy,True
129,0,galaxy,0,galaxy,True
130,0,galaxy,0,galaxy,True
131,0,galaxy,0,galaxy,True
132,0,galaxy,0,galaxy,True
133,0,galaxy,0,galaxy,True
134,0,galaxy,0,galaxy,True
135,0,galaxy,2,star,False
136,0,galaxy,0,galaxy,True
137,0,galaxy,0,galaxy,True
138,0,galaxy,0,galaxy,True
139,0,galaxy,0,galaxy,True
140,0,galaxy,0,galaxy,True
141,0,galaxy,0,galaxy,True
142,0,galaxy,0,galaxy,True
143,0,galaxy,0,galaxy,True
144,0,galaxy,0,galaxy,True
145,0,galaxy,0,galaxy,True
146,0,galaxy,0,galaxy,True
147,0,galaxy,0,galaxy,True
148,0,galaxy,0,galaxy,True
149,0,galaxy,0,galaxy,True
150,0,galaxy,0,galaxy,True
151,0,galaxy,0,galaxy,True
152,0,galaxy,0,galaxy,True
153,0,galaxy,0,galaxy,True
154,0,galaxy,0,galaxy,True
155,0,galaxy,0,galaxy,True
156,0,galaxy,0,galaxy,True
157,0,galaxy,0,galaxy,True
158,0,galaxy,0,galaxy,True
159,0,galaxy,0,galaxy,True
160,0,galaxy,0,galaxy,True
161,0,galaxy,0,galaxy,True
162,0,galaxy,0,galaxy,True
163,0,galaxy,0,galaxy,True
164,0,galaxy,0,galaxy,True
165,0,galaxy,0,galaxy,True
166,0,galaxy,0,galaxy,True
167,0,galaxy,0,galaxy,True
168,0,galaxy,0,galaxy,True
169,0,galaxy,0,galaxy,True
170,0,galaxy,0,galaxy,True
171,0,galaxy,0,galaxy,True
172,0,galaxy,0,galaxy,True
173,0,galaxy,0,galaxy,True
174,0,galaxy,0,galaxy,True
175,0,galaxy,0,galaxy,True
176,0,galaxy,0,galaxy,True
177,0,galaxy,0,galaxy,True
178,0,galaxy,0,galaxy,True
179,0,galaxy,0,galaxy,True
180,0,galaxy,0,galaxy,True
181,0,galaxy,0,galaxy,True
182,0,galaxy,0,galaxy,True
183,0,galaxy,0,galaxy,True
184,0,galaxy,0,galaxy,True
185,0,galaxy,0,galaxy,True
186,0,galaxy,0,galaxy,True
187,0,galaxy,0,galaxy,True
188,0,galaxy,0,galaxy,True
189,0,galaxy,0,galaxy,True
190,0,galaxy,0,galaxy,True
191,0,galaxy,0,galaxy,True
192,0,galaxy,0,galaxy,True
193,0,galaxy,0,galaxy,True
194,0,galaxy,0,galaxy,True
195,0,galaxy,0,galaxy,True
196,0,galaxy,0,galaxy,True
197,0,galaxy,0,galaxy,True
198,0,galaxy,0,galaxy,True
199,0,galaxy,2,star,False
200,0,galaxy,0,galaxy,True
201,0,galaxy,0,galaxy,True
202,0,galaxy,0,galaxy,True
203,0,galaxy,0,galaxy,True
204,0,galaxy,0,galaxy,True
205,0,galaxy,0,galaxy,True
206,0,galaxy,0,galaxy,True
207,0,galaxy,0,galaxy,True
208,0,galaxy,0,galaxy,True
209,0,galaxy,0,galaxy,True
210,0,galaxy,0,galaxy,True
211,0,galaxy,0,galaxy,True
212,0,galaxy,2,star,False
213,0,galaxy,0,galaxy,True
214,0,galaxy,0,galaxy,True
215,0,galaxy,0,galaxy,True
216,0,galaxy,0,galaxy,True
217,0,galaxy,0,galaxy,True
218,0,galaxy,0,galaxy,True
219,0,galaxy,0,galaxy,True
220,0,galaxy,0,galaxy,True
221,0,galaxy,0,galaxy,True
222,0,galaxy,0,galaxy,True
223,0,galaxy,0,galaxy,True
224,0,galaxy,0,galaxy,True
225,0,galaxy,0,galaxy,True
226,0,galaxy,0,galaxy,True
227,0,galaxy,0,galaxy,True
228,0,galaxy,0,galaxy,True
229,0,galaxy,0,galaxy,True
230,0,galaxy,0,galaxy,True
231,0,galaxy,0,galaxy,True
232,0,galaxy,0,galaxy,True
233,0,galaxy,0,galaxy,True
234,0,galaxy,0,galaxy,True
235,0,galaxy,0,galaxy,True
236,0,galaxy,0,galaxy,True
237,0,galaxy,0,galaxy,True
238,0,galaxy,0,galaxy,True
239,0,galaxy,0,galaxy,True
240,0,galaxy,0,galaxy,True
241,0,galaxy,0,galaxy,True
242,0,galaxy,0,galaxy,True
243,0,galaxy,0,galaxy,True
244,0,galaxy,0,galaxy,True
245,0,galaxy,0,galaxy,True
246,0,galaxy,0,galaxy,True
247,0,galaxy,0,galaxy,True
248,0,galaxy,0,galaxy,True
249,0,galaxy,0,galaxy,True
250,0,galaxy,0,galaxy,True
251,0,galaxy,0,galaxy,True
252,0,galaxy,0,galaxy,True
253,0,galaxy,0,galaxy,True
254,0,galaxy,0,galaxy,True
255,0,galaxy,0,galaxy,True
256,0,galaxy,0,galaxy,True
257,0,galaxy,0,galaxy,True
258,0,galaxy,0,galaxy,True
259,0,galaxy,0,galaxy,True
260,0,galaxy,0,galaxy,True
261,0,galaxy,0,galaxy,True
262,0,galaxy,0,galaxy,True
263,0,galaxy,0,galaxy,True
264,0,galaxy,0,galaxy,True
265,0,galaxy,0,galaxy,True
266,0,galaxy,0,galaxy,True
267,0,galaxy,0,galaxy,True
268,0,galaxy,0,galaxy,True
269,0,galaxy,0,galaxy,True
270,0,galaxy,0,galaxy,True
271,0,galaxy,0,galaxy,True
272,0,galaxy,0,galaxy,True
273,0,galaxy,0,galaxy,True
274,0,galaxy,0,galaxy,True
275,0,galaxy,0,galaxy,True
276,0,galaxy,0,galaxy,True
277,0,galaxy,0,galaxy,True
278,0,galaxy,0,galaxy,True
279,0,galaxy,0,galaxy,True
280,0,galaxy,0,galaxy,True
281,0,galaxy,0,galaxy,True
282,0,galaxy,0,galaxy,True
283,0,galaxy,0,galaxy,True
284,0,galaxy,0,galaxy,True
285,0,galaxy,0,galaxy,True
286,0,galaxy,0,galaxy,True
287,0,galaxy,0,galaxy,True
288,0,galaxy,0,galaxy,True
289,0,galaxy,0,galaxy,True
290,0,galaxy,0,galaxy,True
291,0,galaxy,0,galaxy,True
292,0,galaxy,0,galaxy,True
293,0,galaxy,0,galaxy,True
294,0,galaxy,0,galaxy,True
295,0,galaxy,0,galaxy,True
296,0,galaxy,0,galaxy,True
297,0,galaxy,0,galaxy,True
298,0,galaxy,0,galaxy,True
299,0,galaxy,0,galaxy,True
300,0,galaxy,0,galaxy,True
301,0,galaxy,0,galaxy,True
302,0,galaxy,0,galaxy,True
303,0,galaxy,0,galaxy,True
304,0,galaxy,0,galaxy,True
305,0,galaxy,0,galaxy,True
306,0,galaxy,0,galaxy,True
307,0,galaxy,0,galaxy,True
308,0,galaxy,0,galaxy,True
309,0,galaxy,0,galaxy,True
310,0,galaxy,0,galaxy,True
311,0,galaxy,0,galaxy,True
312,0,galaxy,0,galaxy,True
313,0,galaxy,0,galaxy,True
314,0,galaxy,0,galaxy,True
315,0,galaxy,0,galaxy,True
316,0,galaxy,0,galaxy,True
317,0,galaxy,0,galaxy,True
318,0,galaxy,0,galaxy,True
319,0,galaxy,0,galaxy,True
320,0,galaxy,0,galaxy,True
321,0,galaxy,0,galaxy,True
322,0,galaxy,0,galaxy,True
323,0,galaxy,0,galaxy,True
324,0,galaxy,0,galaxy,True
325,0,galaxy,0,galaxy,True
326,0,galaxy,0,galaxy,True
327,0,galaxy,0,galaxy,True
328,0,galaxy,0,galaxy,True
329,0,galaxy,0,galaxy,True
330,0,galaxy,0,galaxy,True
331,0,galaxy,0,galaxy,True
332,0,galaxy,0,galaxy,True
333,0,galaxy,0,galaxy,True
334,0,galaxy,0,galaxy,True
335,0,galaxy,0,galaxy,True
336,0,galaxy,0,galaxy,True
337,0,galaxy,0,galaxy,True
338,0,galaxy,0,galaxy,True
339,0,galaxy,0,galaxy,True
340,0,galaxy,0,galaxy,True
341,0,galaxy,0,galaxy,True
342,0,galaxy,0,galaxy,True
343,0,galaxy,0,galaxy,True
344,0,galaxy,0,galaxy,True
345,0,galaxy,0,galaxy,True
346,0,galaxy,0,galaxy,True
347,0,galaxy,0,galaxy,True
348,0,galaxy,0,galaxy,True
349,0,galaxy,0,galaxy,True
350,0,galaxy,0,galaxy,True
351,0,galaxy,0,galaxy,True
352,0,galaxy,0,galaxy,True
353,0,galaxy,0,galaxy,True
354,0,galaxy,0,galaxy,True
355,0,galaxy,0,galaxy,True
356,0,galaxy,0,galaxy,True
357,0,galaxy,0,galaxy,True
358,0,galaxy,0,galaxy,True
359,0,galaxy,0,galaxy,True
360,0,galaxy,0,galaxy,True
361,0,galaxy,0,galaxy,True
362,0,galaxy,0,galaxy,True
363,0,galaxy,0,galaxy,True
364,0,galaxy,0,galaxy,True
365,0,galaxy,0,galaxy,True
366,0,galaxy,0,galaxy,True
367,0,galaxy,0,galaxy,True
368,0,galaxy,0,galaxy,True
369,0,galaxy,0,galaxy,True
370,0,galaxy,0,galaxy,True
371,0,galaxy,0,galaxy,True
372,0,galaxy,0,galaxy,True
373,0,galaxy,0,galaxy,True
374,0,galaxy,0,galaxy,True
375,0,galaxy,0,galaxy,True
376,0,galaxy,0,galaxy,True
377,0,galaxy,0,galaxy,True
378,0,galaxy,0,galaxy,True
379,0,galaxy,0,galaxy,True
380,0,galaxy,0,galaxy,True
381,0,galaxy,0,galaxy,True
382,0,galaxy,0,galaxy,True
383,0,galaxy,0,galaxy,True
384,0,galaxy,0,galaxy,True
385,0,galaxy,0,galaxy,True
386,0,galaxy,0,galaxy,True
387,0,galaxy,0,galaxy,True
388,0,galaxy,0,galaxy,True
389,0,galaxy,0,galaxy,True
390,0,galaxy,0,galaxy,True
391,0,galaxy,0,galaxy,True
392,0,galaxy,0,galaxy,True
393,0,galaxy,0,galaxy,True
394,0,galaxy,0,galaxy,True
395,0,galaxy,0,galaxy,True
396,0,galaxy,0,galaxy,True
397,0,galaxy,0,galaxy,True
398,0,galaxy,0,galaxy,True
399,0,galaxy,0,galaxy,True
400,0,galaxy,0,galaxy,True
401,0,galaxy,0,galaxy,True
402,0,galaxy,0,galaxy,True
403,0,galaxy,0,galaxy,True
404,0,galaxy,0,galaxy,True
405,0,galaxy,0,galaxy,True
406,0,galaxy,0,galaxy,True
407,0,galaxy,0,galaxy,True
408,0,galaxy,0,galaxy,True
409,0,galaxy,0,galaxy,True
410,0,galaxy,0,galaxy,True
411,0,galaxy,0,galaxy,True
412,0,galaxy,0,galaxy,True
413,0,galaxy,0,galaxy,True
414,0,galaxy,0,galaxy,True
415,0,galaxy,0,galaxy,True
416,0,galaxy,0,galaxy,True
417,0,galaxy,0,galaxy,True
418,0,galaxy,0,galaxy,True
419,0,galaxy,0,galaxy,True
420,0,galaxy,0,galaxy,True
421,0,galaxy,0,galaxy,True
422,0,galaxy,0,galaxy,True
423,0,galaxy,0,galaxy,True
424,0,galaxy,0,galaxy,True
425,0,galaxy,0,galaxy,True
426,0,galaxy,0,galaxy,True
427,0,galaxy,0,galaxy,True
428,0,galaxy,0,galaxy,True
429,0,galaxy,0,galaxy,True
430,0,galaxy,0,galaxy,True
431,0,galaxy,0,galaxy,True
432,0,galaxy,0,galaxy,True
433,0,galaxy,0,galaxy,True
434,0,galaxy,0,galaxy,True
435,0,galaxy,0,galaxy,True
436,0,galaxy,0,galaxy,True
437,0,galaxy,0,galaxy,True
438,0,galaxy,0,galaxy,True
439,0,galaxy,0,galaxy,True
440,0,galaxy,0,galaxy,True
441,0,galaxy,0,galaxy,True
442,0,galaxy,0,galaxy,True
443,0,galaxy,0,galaxy,True
444,0,galaxy,0,galaxy,True
445,0,galaxy,0,galaxy,True
446,0,galaxy,0,galaxy,True
447,0,galaxy,0,galaxy,True
448,0,galaxy,0,galaxy,True
449,0,galaxy,0,galaxy,True
450,0,galaxy,0,galaxy,True
451,0,galaxy,0,galaxy,True
452,0,galaxy,0,galaxy,True
453,0,galaxy,0,galaxy,True
454,0,galaxy,0,galaxy,True
455,0,galaxy,0,galaxy,True
456,0,galaxy,0,galaxy,True
457,0,galaxy,0,galaxy,True
458,0,galaxy,0,galaxy,True
459,0,galaxy,0,galaxy,True
460,0,galaxy,0,galaxy,True
461,0,galaxy,0,galaxy,True
462,0,galaxy,0,galaxy,True
463,0,galaxy,0,galaxy,True
464,0,galaxy,0,galaxy,True
465,0,galaxy,0,galaxy,True
466,0,galaxy,0,galaxy,True
467,0,galaxy,0,galaxy,True
468,0,galaxy,0,galaxy,True
469,0,galaxy,0,galaxy,True
470,0,galaxy,0,galaxy,True
471,0,galaxy,0,galaxy,True
472,0,galaxy,0,galaxy,True
473,0,galaxy,0,galaxy,True
474,0,galaxy,0,galaxy,True
475,0,galaxy,0,galaxy,True
476,0,galaxy,0,galaxy,True
477,0,galaxy,0,galaxy,True
478,0,galaxy,0,galaxy,True
479,0,galaxy,0,galaxy,True
480,0,galaxy,0,galaxy,True
481,0,galaxy,0,galaxy,True
482,0,galaxy,0,galaxy,True
483,0,galaxy,0,galaxy,True
484,0,galaxy,0,galaxy,True
485,0,galaxy,0,galaxy,True
486,0,galaxy,0,galaxy,True
487,0,galaxy,0,galaxy,True
488,0,galaxy,0,galaxy,True
489,0,galaxy,0,galaxy,True
490,0,galaxy,0,galaxy,True
491,0,galaxy,0,galaxy,True
492,0,galaxy,0,galaxy,True
493,0,galaxy,0,galaxy,True
494,0,galaxy,0,galaxy,True
495,0,galaxy,0,galaxy,True
496,0,galaxy,0,galaxy,True
497,0,galaxy,0,galaxy,True
498,0,galaxy,0,galaxy,True
499,0,galaxy,0,galaxy,True
500,0,galaxy,0,galaxy,True
501,0,galaxy,0,galaxy,True
502,0,galaxy,0,galaxy,True
503,0,galaxy,0,galaxy,True
504,0,galaxy,0,galaxy,True
505,0,galaxy,0,galaxy,True
506,0,galaxy,0,galaxy,True
507,0,galaxy,0,galaxy,True
508,0,galaxy,0,galaxy,True
509,0,galaxy,0,galaxy,True
510,0,galaxy,0,galaxy,True
511,0,galaxy,0,galaxy,True
512,0,galaxy,0,galaxy,True
513,0,galaxy,0,galaxy,True
514,0,galaxy,0,galaxy,True
515,0,galaxy,0,galaxy,True
516,0,galaxy,1,quasar,False
517,0,galaxy,0,galaxy,True
518,0,galaxy,0,galaxy,True
519,0,galaxy,0,galaxy,True
520,0,galaxy,0,galaxy,True
521,0,galaxy,0,galaxy,True
522,0,galaxy,0,galaxy,True
523,0,galaxy,1,quasar,False
524,0,galaxy,0,galaxy,True
525,0,galaxy,0,galaxy,True
526,0,galaxy,0,galaxy,True
527,0,galaxy,0,galaxy,True
528,0,galaxy,0,galaxy,True
529,0,galaxy,0,galaxy,True
530,0,galaxy,0,galaxy,True
531,0,galaxy,0,galaxy,True
532,0,galaxy,0,galaxy,True
533,0,galaxy,0,galaxy,True
534,0,galaxy,0,galaxy,True
535,0,galaxy,0,galaxy,True
536,0,galaxy,0,galaxy,True
537,0,galaxy,0,galaxy,True
538,0,galaxy,0,galaxy,True
539,0,galaxy,0,galaxy,True
540,0,galaxy,0,galaxy,True
541,0,galaxy,1,quasar,False
542,0,galaxy,0,galaxy,True
543,0,galaxy,0,galaxy,True
544,0,galaxy,0,galaxy,True
545,0,galaxy,0,galaxy,True
546,0,galaxy,0,galaxy,True
547,0,galaxy,0,galaxy,True
548,0,galaxy,0,galaxy,True
549,0,galaxy,0,galaxy,True
550,0,galaxy,0,galaxy,True
551,0,galaxy,0,galaxy,True
552,0,galaxy,0,galaxy,True
553,0,galaxy,0,galaxy,True
554,0,galaxy,0,galaxy,True
555,0,galaxy,0,galaxy,True
556,0,galaxy,0,galaxy,True
557,0,galaxy,0,galaxy,True
558,0,galaxy,0,galaxy,True
559,0,galaxy,0,galaxy,True
560,0,galaxy,0,galaxy,True
561,0,galaxy,0,galaxy,True
562,0,galaxy,0,galaxy,True
563,0,galaxy,0,galaxy,True
564,0,galaxy,0,galaxy,True
565,0,galaxy,0,galaxy,True
566,0,galaxy,0,galaxy,True
567,0,galaxy,0,galaxy,True
568,0,galaxy,0,galaxy,True
569,0,galaxy,0,galaxy,True
570,0,galaxy,0,galaxy,True
571,0,galaxy,0,galaxy,True
572,0,galaxy,0,galaxy,True
573,0,galaxy,0,galaxy,True
574,0,galaxy,0,galaxy,True
575,0,galaxy,0,galaxy,True
576,0,galaxy,0,galaxy,True
577,0,galaxy,2,star,False
578,0,galaxy,0,galaxy,True
579,0,galaxy,0,galaxy,True
580,0,galaxy,0,galaxy,True
581,0,galaxy,0,galaxy,True
582,0,galaxy,0,galaxy,True
583,0,galaxy,0,galaxy,True
584,0,galaxy,0,galaxy,True
585,0,galaxy,0,galaxy,True
586,0,galaxy,0,galaxy,True
587,0,galaxy,0,galaxy,True
588,0,galaxy,0,galaxy,True
589,0,galaxy,0,galaxy,True
590,0,galaxy,0,galaxy,True
591,0,galaxy,0,galaxy,True
592,0,galaxy,0,galaxy,True
593,0,galaxy,0,galaxy,True
594,0,galaxy,0,galaxy,True
595,0,galaxy,0,galaxy,True
596,0,galaxy,0,galaxy,True
597,0,galaxy,0,galaxy,True
598,0,galaxy,0,galaxy,True
599,0,galaxy,0,galaxy,True
600,0,galaxy,0,galaxy,True
601,0,galaxy,0,galaxy,True
602,0,galaxy,0,galaxy,True
603,0,galaxy,0,galaxy,True
604,0,galaxy,0,galaxy,True
605,0,galaxy,0,galaxy,True
606,0,galaxy,0,galaxy,True
607,0,galaxy,0,galaxy,True
608,0,galaxy,0,galaxy,True
609,0,galaxy,0,galaxy,True
610,0,galaxy,0,galaxy,True
611,0,galaxy,0,galaxy,True
612,0,galaxy,0,galaxy,True
613,0,galaxy,0,galaxy,True
614,0,galaxy,0,galaxy,True
615,0,galaxy,0,galaxy,True
616,0,galaxy,0,galaxy,True
617,0,galaxy,0,galaxy,True
618,0,galaxy,0,galaxy,True
619,0,galaxy,0,galaxy,True
620,0,galaxy,0,galaxy,True
621,0,galaxy,0,galaxy,True
622,0,galaxy,0,galaxy,True
623,0,galaxy,0,galaxy,True
624,0,galaxy,0,galaxy,True
625,0,galaxy,0,galaxy,True
626,0,galaxy,0,galaxy,True
627,0,galaxy,0,galaxy,True
628,0,galaxy,0,galaxy,True
629,0,galaxy,0,galaxy,True
630,0,galaxy,0,galaxy,True
631,0,galaxy,0,galaxy,True
632,0,galaxy,0,galaxy,True
633,0,galaxy,0,galaxy,True
634,0,galaxy,0,galaxy,True
635,0,galaxy,0,galaxy,True
636,0,galaxy,0,galaxy,True
637,0,galaxy,0,galaxy,True
638,0,galaxy,0,galaxy,True
639,0,galaxy,0,galaxy,True
640,0,galaxy,0,galaxy,True
641,0,galaxy,0,galaxy,True
642,0,galaxy,0,galaxy,True
643,0,galaxy,0,galaxy,True
644,0,galaxy,0,galaxy,True
645,0,galaxy,0,galaxy,True
646,0,galaxy,0,galaxy,True
647,0,galaxy,0,galaxy,True
648,0,galaxy,0,galaxy,True
649,0,galaxy,0,galaxy,True
650,0,galaxy,0,galaxy,True
651,0,galaxy,0,galaxy,True
652,0,galaxy,0,galaxy,True
653,0,galaxy,0,galaxy,True
654,0,galaxy,0,galaxy,True
655,0,galaxy,0,galaxy,True
656,0,galaxy,0,galaxy,True
657,0,galaxy,0,galaxy,True
658,0,galaxy,0,galaxy,True
659,0,galaxy,0,galaxy,True
660,0,galaxy,0,galaxy,True
661,0,galaxy,0,galaxy,True
662,0,galaxy,0,galaxy,True
663,0,galaxy,0,galaxy,True
664,0,galaxy,0,galaxy,True
665,0,galaxy,0,galaxy,True
666,0,galaxy,0,galaxy,True
667,0,galaxy,0,galaxy,True
668,0,galaxy,0,galaxy,True
669,0,galaxy,0,galaxy,True
670,0,galaxy,0,galaxy,True
671,0,galaxy,0,galaxy,True
672,0,galaxy,0,galaxy,True
673,0,galaxy,0,galaxy,True
674,0,galaxy,0,galaxy,True
675,0,galaxy,0,galaxy,True
676,0,galaxy,0,galaxy,True
677,0,galaxy,0,galaxy,True
678,0,galaxy,0,galaxy,True
679,0,galaxy,0,galaxy,True
680,0,galaxy,0,galaxy,True
681,0,galaxy,0,galaxy,True
682,0,galaxy,0,galaxy,True
683,0,galaxy,0,galaxy,True
684,0,galaxy,0,galaxy,True
685,0,galaxy,0,galaxy,True
686,0,galaxy,0,galaxy,True
687,0,galaxy,0,galaxy,True
688,0,galaxy,0,galaxy,True
689,0,galaxy,0,galaxy,True
690,0,galaxy,0,galaxy,True
691,0,galaxy,0,galaxy,True
692,0,galaxy,0,galaxy,True
693,0,galaxy,0,galaxy,True
694,0,galaxy,0,galaxy,True
695,0,galaxy,0,galaxy,True
696,0,galaxy,0,galaxy,True
697,0,galaxy,0,galaxy,True
698,0,galaxy,0,galaxy,True
699,0,galaxy,0,galaxy,True
700,0,galaxy,0,galaxy,True
701,0,galaxy,0,galaxy,True
702,0,galaxy,0,galaxy,True
703,0,galaxy,0,galaxy,True
704,0,galaxy,0,galaxy,True
705,0,galaxy,0,galaxy,True
706,0,galaxy,0,galaxy,True
707,0,galaxy,0,galaxy,True
708,0,galaxy,0,galaxy,True
709,0,galaxy,0,galaxy,True
710,0,galaxy,0,galaxy,True
711,0,galaxy,0,galaxy,True
712,0,galaxy,0,galaxy,True
713,0,galaxy,0,galaxy,True
714,0,galaxy,0,galaxy,True
715,0,galaxy,0,galaxy,True
716,0,galaxy,0,galaxy,True
717,0,galaxy,0,galaxy,True
718,0,galaxy,0,galaxy,True
719,0,galaxy,0,galaxy,True
720,0,galaxy,0,galaxy,True
721,0,galaxy,0,galaxy,True
722,0,galaxy,0,galaxy,True
723,0,galaxy,0,galaxy,True
724,0,galaxy,0,galaxy,True
725,0,galaxy,0,galaxy,True
726,0,galaxy,0,galaxy,True
727,0,galaxy,0,galaxy,True
728,0,galaxy,0,galaxy,True
729,0,galaxy,0,galaxy,True
730,0,galaxy,0,galaxy,True
731,0,galaxy,0,galaxy,True
732,0,galaxy,0,galaxy,True
733,0,galaxy,0,galaxy,True
734,0,galaxy,0,galaxy,True
735,0,galaxy,0,galaxy,True
736,0,galaxy,0,galaxy,True
737,0,galaxy,0,galaxy,True
738,0,galaxy,0,galaxy,True
739,0,galaxy,0,galaxy,True
740,0,galaxy,0,galaxy,True
741,0,galaxy,0,galaxy,True
742,0,galaxy,0,galaxy,True
743,0,galaxy,0,galaxy,True
744,0,galaxy,0,galaxy,True
745,0,galaxy,0,galaxy,True
746,0,galaxy,0,galaxy,True
747,0,galaxy,0,galaxy,True
748,0,galaxy,0,galaxy,True
749,0,galaxy,0,galaxy,True
750,0,galaxy,0,galaxy,True
751,0,galaxy,0,galaxy,True
752,0,galaxy,0,galaxy,True
753,0,galaxy,0,galaxy,True
754,0,galaxy,0,galaxy,True
755,0,galaxy,0,galaxy,True
756,0,galaxy,0,galaxy,True
757,0,galaxy,0,galaxy,True
758,0,galaxy,0,galaxy,True
759,0,galaxy,0,galaxy,True
760,0,galaxy,0,galaxy,True
761,0,galaxy,0,galaxy,True
762,0,galaxy,0,galaxy,True
763,0,galaxy,0,galaxy,True
764,0,galaxy,0,galaxy,True
765,0,galaxy,0,galaxy,True
766,0,galaxy,0,galaxy,True
767,0,galaxy,0,galaxy,True
768,0,galaxy,0,galaxy,True
769,0,galaxy,0,galaxy,True
770,0,galaxy,0,galaxy,True
771,0,galaxy,0,galaxy,True
772,0,galaxy,0,galaxy,True
773,0,galaxy,0,galaxy,True
774,0,galaxy,0,galaxy,True
775,0,galaxy,0,galaxy,True
776,0,galaxy,0,galaxy,True
777,0,galaxy,0,galaxy,True
778,0,galaxy,0,galaxy,True
779,0,galaxy,0,galaxy,True
780,0,galaxy,0,galaxy,True
781,0,galaxy,0,galaxy,True
782,0,galaxy,0,galaxy,True
783,0,galaxy,0,galaxy,True
784,0,galaxy,0,galaxy,True
785,0,galaxy,0,galaxy,True
786,0,galaxy,0,galaxy,True
787,0,galaxy,0,galaxy,True
788,0,galaxy,0,galaxy,True
789,0,galaxy,2,star,False
790,0,galaxy,0,galaxy,True
791,0,galaxy,0,galaxy,True
792,0,galaxy,0,galaxy,True
793,0,galaxy,0,galaxy,True
794,0,galaxy,0,galaxy,True
795,0,galaxy,0,galaxy,True
796,0,galaxy,0,galaxy,True
797,0,galaxy,0,galaxy,True
798,0,galaxy,0,galaxy,True
799,0,galaxy,0,galaxy,True
800,0,galaxy,0,galaxy,True
801,0,galaxy,0,galaxy,True
802,0,galaxy,0,galaxy,True
803,0,galaxy,0,galaxy,True
804,0,galaxy,0,galaxy,True
805,0,galaxy,0,galaxy,True
806,0,galaxy,0,galaxy,True
807,0,galaxy,0,galaxy,True
808,0,galaxy,0,galaxy,True
809,0,galaxy,0,galaxy,True
810,0,galaxy,0,galaxy,True
811,0,galaxy,0,galaxy,True
812,1,quasar,1,quasar,True
813,1,quasar,1,quasar,True
814,1,quasar,2,star,False
815,1,quasar,1,quasar,True
816,1,quasar,1,quasar,True
817,1,quasar,1,quasar,True
818,1,quasar,1,quasar,True
819,1,quasar,1,quasar,True
820,1,quasar,1,quasar,True
821,1,quasar,1,quasar,True
822,1,quasar,1,quasar,True
823,1,quasar,1,quasar,True
824,1,quasar,1,quasar,True
825,1,quasar,1,quasar,True
826,1,quasar,1,quasar,True
827,1,quasar,1,quasar,True
828,1,quasar,0,galaxy,False
829,1,quasar,1,quasar,True
830,1,quasar,1,quasar,True
831,1,quasar,1,quasar,True
832,1,quasar,0,galaxy,False
833,1,quasar,1,quasar,True
834,1,quasar,1,quasar,True
835,1,quasar,1,quasar,True
836,1,quasar,1,quasar,True
837,1,quasar,1,quasar,True
838,1,quasar,1,quasar,True
839,1,quasar,1,quasar,True
840,1,quasar,1,quasar,True
841,1,quasar,1,quasar,True
842,1,quasar,2,star,False
843,1,quasar,1,quasar,True
844,1,quasar,1,quasar,True
845,1,quasar,1,quasar,True
846,1,quasar,1,quasar,True
847,1,quasar,1,quasar,True
848,1,quasar,2,star,False
849,1,quasar,1,quasar,True
850,1,quasar,1,quasar,True
851,1,quasar,1,quasar,True
852,1,quasar,1,quasar,True
853,1,quasar,1,quasar,True
854,1,quasar,0,galaxy,False
855,1,quasar,1,quasar,True
856,1,quasar,1,quasar,True
857,1,quasar,1,quasar,True
858,1,quasar,1,quasar,True
859,1,quasar,1,quasar,True
860,1,quasar,1,quasar,True
861,1,quasar,1,quasar,True
862,1,quasar,1,quasar,True
863,1,quasar,1,quasar,True
864,1,quasar,1,quasar,True
865,1,quasar,1,quasar,True
866,1,quasar,0,galaxy,False
867,1,quasar,2,star,False
868,1,quasar,1,quasar,True
869,1,quasar,1,quasar,True
870,1,quasar,1,quasar,True
871,1,quasar,1,quasar,True
872,1,quasar,1,quasar,True
873,1,quasar,1,quasar,True
874,1,quasar,1,quasar,True
875,1,quasar,0,galaxy,False
876,1,quasar,1,quasar,True
877,1,quasar,0,galaxy,False
878,1,quasar,1,quasar,True
879,1,quasar,1,quasar,True
880,1,quasar,1,quasar,True
881,1,quasar,1,quasar,True
882,1,quasar,1,quasar,True
883,1,quasar,1,quasar,True
884,1,quasar,1,quasar,True
885,1,quasar,1,quasar,True
886,1,quasar,1,quasar,True
887,1,quasar,1,quasar,True
888,1,quasar,2,star,False
889,1,quasar,1,quasar,True
890,1,quasar,1,quasar,True
891,1,quasar,1,quasar,True
892,1,quasar,0,galaxy,False
893,1,quasar,1,quasar,True
894,1,quasar,0,galaxy,False
895,1,quasar,2,star,False
896,1,quasar,1,quasar,True
897,1,quasar,1,quasar,True
898,1,quasar,1,quasar,True
899,1,quasar,1,quasar,True
900,1,quasar,1,quasar,True
901,1,quasar,1,quasar,True
902,1,quasar,1,quasar,True
903,1,quasar,1,quasar,True
904,1,quasar,1,quasar,True
905,1,quasar,0,galaxy,False
906,1,quasar,0,galaxy,False
907,1,quasar,1,quasar,True
908,1,quasar,1,quasar,True
909,1,quasar,1,quasar,True
910,1,quasar,1,quasar,True
911,1,quasar,2,star,False
912,1,quasar,1,quasar,True
913,1,quasar,2,star,False
914,1,quasar,1,quasar,True
915,1,quasar,1,quasar,True
916,1,quasar,1,quasar,True
917,1,quasar,1,quasar,True
918,1,quasar,1,quasar,True
919,1,quasar,1,quasar,True
920,1,quasar,1,quasar,True
921,1,quasar,1,quasar,True
922,1,quasar,1,quasar,True
923,1,quasar,1,quasar,True
924,1,quasar,1,quasar,True
925,1,quasar,1,quasar,True
926,1,quasar,1,quasar,True
927,1,quasar,1,quasar,True
928,1,quasar,1,quasar,True
929,1,quasar,1,quasar,True
930,1,quasar,1,quasar,True
931,1,quasar,1,quasar,True
932,1,quasar,1,quasar,True
933,1,quasar,1,quasar,True
934,1,quasar,1,quasar,True
935,1,quasar,2,star,False
936,1,quasar,2,star,False
937,1,quasar,1,quasar,True
938,1,quasar,2,star,False
939,1,quasar,1,quasar,True
940,1,quasar,1,quasar,True
941,1,quasar,1,quasar,True
942,1,quasar,1,quasar,True
943,1,quasar,0,galaxy,False
944,1,quasar,0,galaxy,False
945,1,quasar,0,galaxy,False
946,1,quasar,1,quasar,True
947,1,quasar,0,galaxy,False
948,1,quasar,2,star,False
949,1,quasar,1,quasar,True
950,1,quasar,1,quasar,True
951,1,quasar,1,quasar,True
952,1,quasar,1,quasar,True
953,1,quasar,1,quasar,True
954,1,quasar,1,quasar,True
955,1,quasar,1,quasar,True
956,1,quasar,1,quasar,True
957,1,quasar,1,quasar,True
958,1,quasar,1,quasar,True
959,1,quasar,1,quasar,True
960,1,quasar,1,quasar,True
961,1,quasar,1,quasar,True
962,1,quasar,1,quasar,True
963,1,quasar,1,quasar,True
964,1,quasar,1,quasar,True
965,1,quasar,2,star,False
966,1,quasar,1,quasar,True
967,1,quasar,1,quasar,True
968,1,quasar,1,quasar,True
969,1,quasar,1,quasar,True
970,1,quasar,1,quasar,True
971,1,quasar,1,quasar,True
972,1,quasar,1,quasar,True
973,1,quasar,1,quasar,True
974,1,quasar,1,quasar,True
975,1,quasar,1,quasar,True
976,1,quasar,1,quasar,True
977,1,quasar,1,quasar,True
978,1,quasar,1,quasar,True
979,1,quasar,1,quasar,True
980,1,quasar,1,quasar,True
981,1,quasar,1,quasar,True
982,1,quasar,1,quasar,True
983,1,quasar,1,quasar,True
984,1,quasar,2,star,False
985,1,quasar,1,quasar,True
986,1,quasar,1,quasar,True
987,1,quasar,1,quasar,True
988,1,quasar,1,quasar,True
989,1,quasar,0,galaxy,False
990,1,quasar,1,quasar,True
991,1,quasar,1,quasar,True
992,1,quasar,1,quasar,True
993,1,quasar,1,quasar,True
994,1,quasar,1,quasar,True
995,1,quasar,1,quasar,True
996,1,quasar,1,quasar,True
997,1,quasar,1,quasar,True
998,1,quasar,1,quasar,True
999,1,quasar,1,quasar,True
1000,1,quasar,1,quasar,True
1001,1,quasar,1,quasar,True
1002,1,quasar,1,quasar,True
1003,1,quasar,1,quasar,True
1004,1,quasar,1,quasar,True
1005,1,quasar,1,quasar,True
1006,1,quasar,1,quasar,True
1007,1,quasar,1,quasar,True
1008,1,quasar,1,quasar,True
1009,1,quasar,1,quasar,True
1010,1,quasar,2,star,False
1011,1,quasar,1,quasar,True
1012,1,quasar,1,quasar,True
1013,1,quasar,1,quasar,True
1014,1,quasar,1,quasar,True
1015,1,quasar,1,quasar,True
1016,1,quasar,1,quasar,True
1017,1,quasar,1,quasar,True
1018,1,quasar,1,quasar,True
1019,1,quasar,1,quasar,True
1020,1,quasar,1,quasar,True
1021,1,quasar,1,quasar,True
1022,1,quasar,1,quasar,True
1023,1,quasar,1,quasar,True
1024,1,quasar,1,quasar,True
1025,1,quasar,1,quasar,True
1026,1,quasar,1,quasar,True
1027,1,quasar,1,quasar,True
1028,1,quasar,1,quasar,True
1029,1,quasar,1,quasar,True
1030,1,quasar,1,quasar,True
1031,1,quasar,1,quasar,True
1032,1,quasar,1,quasar,True
1033,1,quasar,1,quasar,True
1034,1,quasar,1,quasar,True
1035,1,quasar,1,quasar,True
1036,1,quasar,1,quasar,True
1037,1,quasar,1,quasar,True
1038,1,quasar,1,quasar,True
1039,1,quasar,1,quasar,True
1040,1,quasar,1,quasar,True
1041,1,quasar,1,quasar,True
1042,1,quasar,1,quasar,True
1043,1,quasar,1,quasar,True
1044,1,quasar,1,quasar,True
1045,1,quasar,1,quasar,True
1046,1,quasar,1,quasar,True
1047,1,quasar,1,quasar,True
1048,1,quasar,1,quasar,True
1049,1,quasar,1,quasar,True
1050,1,quasar,1,quasar,True
1051,1,quasar,1,quasar,True
1052,1,quasar,1,quasar,True
1053,1,quasar,1,quasar,True
1054,1,quasar,1,quasar,True
1055,1,quasar,1,quasar,True
1056,1,quasar,1,quasar,True
1057,1,quasar,1,quasar,True
1058,1,quasar,1,quasar,True
1059,1,quasar,1,quasar,True
1060,1,quasar,1,quasar,True
1061,1,quasar,1,quasar,True
1062,1,quasar,1,quasar,True
1063,1,quasar,1,quasar,True
1064,1,quasar,1,quasar,True
1065,1,quasar,2,star,False
1066,1,quasar,1,quasar,True
1067,1,quasar,1,quasar,True
1068,1,quasar,1,quasar,True
1069,1,quasar,1,quasar,True
1070,1,quasar,1,quasar,True
1071,1,quasar,1,quasar,True
1072,1,quasar,1,quasar,True
1073,1,quasar,1,quasar,True
1074,1,quasar,1,quasar,True
1075,1,quasar,1,quasar,True
1076,1,quasar,1,quasar,True
1077,1,quasar,1,quasar,True
1078,1,quasar,1,quasar,True
1079,1,quasar,1,quasar,True
1080,1,quasar,1,quasar,True
1081,1,quasar,1,quasar,True
1082,1,quasar,1,quasar,True
1083,1,quasar,1,quasar,True
1084,1,quasar,1,quasar,True
1085,1,quasar,1,quasar,True
1086,1,quasar,1,quasar,True
1087,1,quasar,1,quasar,True
1088,1,quasar,1,quasar,True
1089,1,quasar,2,star,False
1090,1,quasar,1,quasar,True
1091,1,quasar,1,quasar,True
1092,1,quasar,1,quasar,True
1093,1,quasar,1,quasar,True
1094,1,quasar,1,quasar,True
1095,1,quasar,1,quasar,True
1096,1,quasar,1,quasar,True
1097,1,quasar,1,quasar,True
1098,1,quasar,1,quasar,True
1099,1,quasar,1,quasar,True
1100,1,quasar,1,quasar,True
1101,1,quasar,1,quasar,True
1102,1,quasar,1,quasar,True
1103,1,quasar,1,quasar,True
1104,1,quasar,1,quasar,True
1105,1,quasar,1,quasar,True
1106,1,quasar,1,quasar,True
1107,1,quasar,1,quasar,True
1108,1,quasar,1,quasar,True
1109,1,quasar,1,quasar,True
1110,1,quasar,1,quasar,True
1111,1,quasar,1,quasar,True
1112,1,quasar,1,quasar,True
1113,1,quasar,1,quasar,True
1114,1,quasar,1,quasar,True
1115,1,quasar,1,quasar,True
1116,1,quasar,1,quasar,True
1117,1,quasar,1,quasar,True
1118,1,quasar,1,quasar,True
1119,1,quasar,1,quasar,True
1120,1,quasar,1,quasar,True
1121,1,quasar,1,quasar,True
1122,1,quasar,1,quasar,True
1123,1,quasar,1,quasar,True
1124,1,quasar,1,quasar,True
1125,1,quasar,1,quasar,True
1126,1,quasar,1,quasar,True
1127,1,quasar,1,quasar,True
1128,1,quasar,1,quasar,True
1129,1,quasar,1,quasar,True
1130,1,quasar,1,quasar,True
1131,1,quasar,2,star,False
1132,1,quasar,1,quasar,True
1133,1,quasar,1,quasar,True
1134,1,quasar,1,quasar,True
1135,1,quasar,1,quasar,True
1136,1,quasar,1,quasar,True
1137,1,quasar,1,quasar,True
1138,1,quasar,1,quasar,True
1139,1,quasar,1,quasar,True
1140,1,quasar,1,quasar,True
1141,1,quasar,1,quasar,True
1142,1,quasar,1,quasar,True
1143,1,quasar,1,quasar,True
1144,1,quasar,1,quasar,True
1145,1,quasar,1,quasar,True
1146,1,quasar,1,quasar,True
1147,1,quasar,1,quasar,True
1148,1,quasar,1,quasar,True
1149,1,quasar,1,quasar,True
1150,1,quasar,0,galaxy,False
1151,1,quasar,1,quasar,True
1152,1,quasar,0,galaxy,False
1153,1,quasar,1,quasar,True
1154,1,quasar,2,star,False
1155,1,quasar,1,quasar,True
1156,1,quasar,1,quasar,True
1157,1,quasar,1,quasar,True
1158,1,quasar,1,quasar,True
1159,1,quasar,1,quasar,True
1160,1,quasar,1,quasar,True
1161,1,quasar,1,quasar,True
1162,1,quasar,1,quasar,True
1163,1,quasar,1,quasar,True
1164,1,quasar,1,quasar,True
1165,1,quasar,1,quasar,True
1166,1,quasar,1,quasar,True
1167,1,quasar,1,quasar,True
1168,1,quasar,1,quasar,True
1169,1,quasar,1,quasar,True
1170,1,quasar,1,quasar,True
1171,1,quasar,1,quasar,True
1172,1,quasar,1,quasar,True
1173,1,quasar,1,quasar,True
1174,1,quasar,1,quasar,True
1175,1,quasar,1,quasar,True
1176,1,quasar,1,quasar,True
1177,1,quasar,1,quasar,True
1178,1,quasar,1,quasar,True
1179,1,quasar,1,quasar,True
1180,1,quasar,1,quasar,True
1181,1,quasar,1,quasar,True
1182,1,quasar,1,quasar,True
1183,1,quasar,1,quasar,True
1184,1,quasar,1,quasar,True
1185,1,quasar,1,quasar,True
1186,1,quasar,1,quasar,True
1187,1,quasar,1,quasar,True
1188,1,quasar,1,quasar,True
1189,1,quasar,1,quasar,True
1190,1,quasar,1,quasar,True
1191,1,quasar,1,quasar,True
1192,1,quasar,0,galaxy,False
1193,1,quasar,1,quasar,True
1194,1,quasar,1,quasar,True
1195,1,quasar,1,quasar,True
1196,1,quasar,1,quasar,True
1197,1,quasar,1,quasar,True
1198,1,quasar,1,quasar,True
1199,1,quasar,1,quasar,True
1200,1,quasar,1,quasar,True
1201,1,quasar,1,quasar,True
1202,1,quasar,1,quasar,True
1203,1,quasar,1,quasar,True
1204,1,quasar,1,quasar,True
1205,1,quasar,1,quasar,True
1206,1,quasar,1,quasar,True
1207,1,quasar,1,quasar,True
1208,1,quasar,1,quasar,True
1209,1,quasar,1,quasar,True
1210,1,quasar,1,quasar,True
1211,1,quasar,1,quasar,True
1212,1,quasar,1,quasar,True
1213,1,quasar,1,quasar,True
1214,1,quasar,1,quasar,True
1215,1,quasar,1,quasar,True
1216,1,quasar,1,quasar,True
1217,1,quasar,1,quasar,True
1218,1,quasar,1,quasar,True
1219,1,quasar,1,quasar,True
1220,1,quasar,2,star,False
1221,1,quasar,1,quasar,True
1222,1,quasar,1,quasar,True
1223,1,quasar,1,quasar,True
1224,1,quasar,2,star,False
1225,1,quasar,1,quasar,True
1226,1,quasar,1,quasar,True
1227,1,quasar,1,quasar,True
1228,1,quasar,1,quasar,True
1229,1,quasar,1,quasar,True
1230,1,quasar,0,galaxy,False
1231,1,quasar,1,quasar,True
1232,1,quasar,1,quasar,True
1233,1,quasar,1,quasar,True
1234,1,quasar,1,quasar,True
1235,1,quasar,1,quasar,True
1236,1,quasar,1,quasar,True
1237,1,quasar,1,quasar,True
1238,1,quasar,1,quasar,True
1239,1,quasar,1,quasar,True
1240,1,quasar,1,quasar,True
1241,1,quasar,1,quasar,True
1242,1,quasar,1,quasar,True
1243,1,quasar,1,quasar,True
1244,1,quasar,1,quasar,True
1245,1,quasar,1,quasar,True
1246,1,quasar,2,star,False
1247,1,quasar,1,quasar,True
1248,1,quasar,2,star,False
1249,1,quasar,1,quasar,True
1250,1,quasar,1,quasar,True
1251,1,quasar,1,quasar,True
1252,1,quasar,1,quasar,True
1253,1,quasar,1,quasar,True
1254,1,quasar,1,quasar,True
1255,1,quasar,1,quasar,True
1256,1,quasar,1,quasar,True
1257,1,quasar,2,star,False
1258,1,quasar,1,quasar,True
1259,1,quasar,1,quasar,True
1260,1,quasar,0,galaxy,False
1261,1,quasar,0,galaxy,False
1262,1,quasar,1,quasar,True
1263,1,quasar,1,quasar,True
1264,1,quasar,1,quasar,True
1265,1,quasar,1,quasar,True
1266,1,quasar,1,quasar,True
1267,1,quasar,1,quasar,True
1268,1,quasar,1,quasar,True
1269,1,quasar,1,quasar,True
1270,1,quasar,1,quasar,True
1271,1,quasar,1,quasar,True
1272,1,quasar,1,quasar,True
1273,1,quasar,1,quasar,True
1274,1,quasar,1,quasar,True
1275,1,quasar,1,quasar,True
1276,1,quasar,1,quasar,True
1277,1,quasar,1,quasar,True
1278,1,quasar,1,quasar,True
1279,1,quasar,1,quasar,True
1280,1,quasar,2,star,False
1281,1,quasar,1,quasar,True
1282,1,quasar,1,quasar,True
1283,1,quasar,1,quasar,True
1284,1,quasar,1,quasar,True
1285,1,quasar,1,quasar,True
1286,1,quasar,2,star,False
1287,1,quasar,1,quasar,True
1288,1,quasar,1,quasar,True
1289,1,quasar,1,quasar,True
1290,1,quasar,1,quasar,True
1291,1,quasar,1,quasar,True
1292,1,quasar,1,quasar,True
1293,1,quasar,1,quasar,True
1294,1,quasar,1,quasar,True
1295,1,quasar,1,quasar,True
1296,1,quasar,1,quasar,True
1297,1,quasar,1,quasar,True
1298,1,quasar,1,quasar,True
1299,1,quasar,1,quasar,True
1300,1,quasar,1,quasar,True
1301,1,quasar,1,quasar,True
1302,1,quasar,1,quasar,True
1303,1,quasar,1,quasar,True
1304,1,quasar,1,quasar,True
1305,1,quasar,1,quasar,True
1306,1,quasar,1,quasar,True
1307,1,quasar,1,quasar,True
1308,1,quasar,1,quasar,True
1309,1,quasar,1,quasar,True
1310,1,quasar,1,quasar,True
1311,1,quasar,1,quasar,True
1312,1,quasar,1,quasar,True
1313,1,quasar,1,quasar,True
1314,1,quasar,1,quasar,True
1315,1,quasar,1,quasar,True
1316,1,quasar,1,quasar,True
1317,1,quasar,1,quasar,True
1318,1,quasar,1,quasar,True
1319,1,quasar,1,quasar,True
1320,1,quasar,1,quasar,True
1321,1,quasar,1,quasar,True
1322,1,quasar,1,quasar,True
1323,1,quasar,1,quasar,True
1324,1,quasar,1,quasar,True
1325,1,quasar,1,quasar,True
1326,1,quasar,1,quasar,True
1327,1,quasar,1,quasar,True
1328,1,quasar,1,quasar,True
1329,1,quasar,1,quasar,True
1330,1,quasar,1,quasar,True
1331,1,quasar,1,quasar,True
1332,1,quasar,1,quasar,True
1333,1,quasar,1,quasar,True
1334,1,quasar,1,quasar,True
1335,1,quasar,1,quasar,True
1336,1,quasar,1,quasar,True
1337,1,quasar,1,quasar,True
1338,1,quasar,1,quasar,True
1339,1,quasar,0,galaxy,False
1340,1,quasar,1,quasar,True
1341,1,quasar,1,quasar,True
1342,1,quasar,1,quasar,True
1343,1,quasar,0,galaxy,False
1344,1,quasar,1,quasar,True
1345,1,quasar,1,quasar,True
1346,1,quasar,1,quasar,True
1347,1,quasar,1,quasar,True
1348,1,quasar,2,star,False
1349,1,quasar,1,quasar,True
1350,1,quasar,0,galaxy,False
1351,1,quasar,1,quasar,True
1352,1,quasar,2,star,False
1353,1,quasar,1,quasar,True
1354,1,quasar,1,quasar,True
1355,1,quasar,1,quasar,True
1356,1,quasar,1,quasar,True
1357,1,quasar,2,star,False
1358,1,quasar,1,quasar,True
1359,1,quasar,1,quasar,True
1360,1,quasar,1,quasar,True
1361,1,quasar,1,quasar,True
1362,1,quasar,2,star,False
1363,1,quasar,1,quasar,True
1364,1,quasar,1,quasar,True
1365,1,quasar,2,star,False
1366,1,quasar,0,galaxy,False
1367,1,quasar,1,quasar,True
1368,1,quasar,1,quasar,True
1369,1,quasar,1,quasar,True
1370,1,quasar,1,quasar,True
1371,1,quasar,2,star,False
1372,1,quasar,2,star,False
1373,1,quasar,1,quasar,True
1374,1,quasar,1,quasar,True
1375,1,quasar,0,galaxy,False
1376,1,quasar,1,quasar,True
1377,1,quasar,1,quasar,True
1378,1,quasar,1,quasar,True
1379,1,quasar,1,quasar,True
1380,1,quasar,1,quasar,True
1381,1,quasar,1,quasar,True
1382,1,quasar,1,quasar,True
1383,1,quasar,1,quasar,True
1384,1,quasar,1,quasar,True
1385,1,quasar,1,quasar,True
1386,1,quasar,1,quasar,True
1387,1,quasar,0,galaxy,False
1388,1,quasar,1,quasar,True
1389,1,quasar,1,quasar,True
1390,1,quasar,1,quasar,True
1391,1,quasar,1,quasar,True
1392,1,quasar,1,quasar,True
1393,1,quasar,1,quasar,True
1394,1,quasar,1,quasar,True
1395,1,quasar,0,galaxy,False
1396,1,quasar,0,galaxy,False
1397,1,quasar,1,quasar,True
1398,1,quasar,1,quasar,True
1399,1,quasar,0,galaxy,False
1400,1,quasar,2,star,False
1401,1,quasar,1,quasar,True
1402,1,quasar,1,quasar,True
1403,1,quasar,1,quasar,True
1404,1,quasar,1,quasar,True
1405,1,quasar,1,quasar,True
1406,1,quasar,1,quasar,True
1407,1,quasar,1,quasar,True
1408,1,quasar,0,galaxy,False
1409,1,quasar,1,quasar,True
1410,1,quasar,1,quasar,True
1411,1,quasar,1,quasar,True
1412,1,quasar,1,quasar,True
1413,1,quasar,1,quasar,True
1414,1,quasar,1,quasar,True
1415,1,quasar,1,quasar,True
1416,1,quasar,1,quasar,True
1417,1,quasar,1,quasar,True
1418,1,quasar,1,quasar,True
1419,1,quasar,0,galaxy,False
1420,1,quasar,1,quasar,True
1421,1,quasar,1,quasar,True
1422,1,quasar,1,quasar,True
1423,1,quasar,1,quasar,True
1424,1,quasar,1,quasar,True
1425,1,quasar,1,quasar,True
1426,1,quasar,0,galaxy,False
1427,1,quasar,1,quasar,True
1428,1,quasar,1,quasar,True
1429,1,quasar,1,quasar,True
1430,1,quasar,1,quasar,True
1431,1,quasar,1,quasar,True
1432,1,quasar,1,quasar,True
1433,1,quasar,0,galaxy,False
1434,1,quasar,1,quasar,True
1435,1,quasar,2,star,False
1436,1,quasar,1,quasar,True
1437,1,quasar,1,quasar,True
1438,1,quasar,1,quasar,True
1439,1,quasar,1,quasar,True
1440,1,quasar,2,star,False
1441,1,quasar,0,galaxy,False
1442,1,quasar,0,galaxy,False
1443,1,quasar,0,galaxy,False
1444,1,quasar,1,quasar,True
1445,1,quasar,1,quasar,True
1446,1,quasar,1,quasar,True
1447,1,quasar,2,star,False
1448,1,quasar,1,quasar,True
1449,1,quasar,1,quasar,True
1450,1,quasar,1,quasar,True
1451,1,quasar,1,quasar,True
1452,1,quasar,1,quasar,True
1453,1,quasar,0,galaxy,False
1454,1,quasar,1,quasar,True
1455,1,quasar,1,quasar,True
1456,1,quasar,1,quasar,True
1457,1,quasar,1,quasar,True
1458,1,quasar,1,quasar,True
1459,1,quasar,1,quasar,True
1460,1,quasar,1,quasar,True
1461,1,quasar,1,quasar,True
1462,1,quasar,1,quasar,True
1463,1,quasar,1,quasar,True
1464,1,quasar,1,quasar,True
1465,1,quasar,1,quasar,True
1466,1,quasar,1,quasar,True
1467,1,quasar,1,quasar,True
1468,1,quasar,1,quasar,True
1469,1,quasar,2,star,False
1470,1,quasar,2,star,False
1471,1,quasar,1,quasar,True
1472,1,quasar,1,quasar,True
1473,1,quasar,1,quasar,True
1474,1,quasar,1,quasar,True
1475,1,quasar,1,quasar,True
1476,1,quasar,2,star,False
1477,1,quasar,1,quasar,True
1478,1,quasar,1,quasar,True
1479,1,quasar,1,quasar,True
1480,1,quasar,1,quasar,True
1481,1,quasar,1,quasar,True
1482,1,quasar,1,quasar,True
1483,1,quasar,1,quasar,True
1484,1,quasar,1,quasar,True
1485,1,quasar,1,quasar,True
1486,1,quasar,1,quasar,True
1487,1,quasar,2,star,False
1488,1,quasar,1,quasar,True
1489,1,quasar,1,quasar,True
1490,1,quasar,1,quasar,True
1491,1,quasar,1,quasar,True
1492,1,quasar,1,quasar,True
1493,1,quasar,1,quasar,True
1494,1,quasar,1,quasar,True
1495,1,quasar,2,star,False
1496,1,quasar,1,quasar,True
1497,1,quasar,1,quasar,True
1498,1,quasar,1,quasar,True
1499,1,quasar,1,quasar,True
1500,1,quasar,1,quasar,True
1501,1,quasar,2,star,False
1502,1,quasar,1,quasar,True
1503,1,quasar,1,quasar,True
1504,1,quasar,1,quasar,True
1505,1,quasar,2,star,False
1506,1,quasar,1,quasar,True
1507,1,quasar,1,quasar,True
1508,1,quasar,1,quasar,True
1509,1,quasar,2,star,False
1510,1,quasar,1,quasar,True
1511,1,quasar,1,quasar,True
1512,1,quasar,2,star,False
1513,1,quasar,1,quasar,True
1514,1,quasar,1,quasar,True
1515,1,quasar,1,quasar,True
1516,1,quasar,1,quasar,True
1517,1,quasar,0,galaxy,False
1518,1,quasar,1,quasar,True
1519,1,quasar,1,quasar,True
1520,1,quasar,0,galaxy,False
1521,1,quasar,1,quasar,True
1522,1,quasar,1,quasar,True
1523,1,quasar,1,quasar,True
1524,1,quasar,1,quasar,True
1525,2,star,2,star,True
1526,2,star,1,quasar,False
1527,2,star,2,star,True
1528,2,star,1,quasar,False
1529,2,star,2,star,True
1530,2,star,2,star,True
1531,2,star,2,star,True
1532,2,star,2,star,True
1533,2,star,1,quasar,False
1534,2,star,1,quasar,False
1535,2,star,2,star,True
1536,2,star,2,star,True
1537,2,star,2,star,True
1538,2,star,2,star,True
1539,2,star,0,galaxy,False
1540,2,star,2,star,True
1541,2,star,2,star,True
1542,2,star,2,star,True
1543,2,star,2,star,True
1544,2,star,1,quasar,False
1545,2,star,2,star,True
1546,2,star,2,star,True
1547,2,star,2,star,True
1548,2,star,2,star,True
1549,2,star,1,quasar,False
1550,2,star,2,star,True
1551,2,star,2,star,True
1552,2,star,0,galaxy,False
1553,2,star,2,star,True
1554,2,star,1,quasar,False
1555,2,star,2,star,True
1556,2,star,1,quasar,False
1557,2,star,2,star,True
1558,2,star,2,star,True
1559,2,star,2,star,True
1560,2,star,2,star,True
1561,2,star,1,quasar,False
1562,2,star,2,star,True
1563,2,star,2,star,True
1564,2,star,1,quasar,False
1565,2,star,2,star,True
1566,2,star,2,star,True
1567,2,star,2,star,True
1568,2,star,2,star,True
1569,2,star,1,quasar,False
1570,2,star,2,star,True
1571,2,star,1,quasar,False
1572,2,star,1,quasar,False
1573,2,star,1,quasar,False
1574,2,star,2,star,True
1575,2,star,2,star,True
1576,2,star,1,quasar,False
1577,2,star,2,star,True
1578,2,star,2,star,True
1579,2,star,2,star,True
1580,2,star,2,star,True
1581,2,star,1,quasar,False
1582,2,star,2,star,True
1583,2,star,2,star,True
1584,2,star,2,star,True
1585,2,star,1,quasar,False
1586,2,star,2,star,True
1587,2,star,2,star,True
1588,2,star,2,star,True
1589,2,star,2,star,True
1590,2,star,1,quasar,False
1591,2,star,2,star,True
1592,2,star,1,quasar,False
1593,2,star,1,quasar,False
1594,2,star,2,star,True
1595,2,star,1,quasar,False
1596,2,star,1,quasar,False
1597,2,star,2,star,True
1598,2,star,1,quasar,False
1599,2,star,1,quasar,False
1600,2,star,2,star,True
1601,2,star,2,star,True
1602,2,star,2,star,True
1603,2,star,2,star,True
1604,2,star,2,star,True
1605,2,star,1,quasar,False
1606,2,star,2,star,True
1607,2,star,2,star,True
1608,2,star,2,star,True
1609,2,star,2,star,True
1610,2,star,2,star,True
1611,2,star,2,star,True
1612,2,star,2,star,True
1613,2,star,2,star,True
1614,2,star,2,star,True
1615,2,star,2,star,True
1616,2,star,2,star,True
1617,2,star,2,star,True
1618,2,star,2,star,True
1619,2,star,1,quasar,False
1620,2,star,2,star,True
1621,2,star,0,galaxy,False
1622,2,star,2,star,True
1623,2,star,1,quasar,False
1624,2,star,1,quasar,False
1625,2,star,2,star,True
1626,2,star,2,star,True
1627,2,star,2,star,True
1628,2,star,1,quasar,False
1629,2,star,2,star,True
1630,2,star,1,quasar,False
1631,2,star,2,star,True
1632,2,star,1,quasar,False
1633,2,star,2,star,True
1634,2,star,2,star,True
1635,2,star,2,star,True
1636,2,star,2,star,True
1637,2,star,2,star,True
1638,2,star,2,star,True
1639,2,star,0,galaxy,False
1640,2,star,0,galaxy,False
1641,2,star,2,star,True
1642,2,star,2,star,True
1643,2,star,1,quasar,False
1644,2,star,2,star,True
1645,2,star,2,star,True
1646,2,star,2,star,True
1647,2,star,2,star,True
1648,2,star,2,star,True
1649,2,star,2,star,True
1650,2,star,2,star,True
1651,2,star,2,star,True
1652,2,star,2,star,True
1653,2,star,2,star,True
1654,2,star,2,star,True
1655,2,star,2,star,True
1656,2,star,2,star,True
1657,2,star,2,star,True
1658,2,star,2,star,True
1659,2,star,2,star,True
1660,2,star,2,star,True
1661,2,star,2,star,True
1662,2,star,2,star,True
1663,2,star,1,quasar,False
1664,2,star,2,star,True
1665,2,star,2,star,True
1666,2,star,2,star,True
1667,2,star,1,quasar,False
1668,2,star,1,quasar,False
1669,2,star,2,star,True
1670,2,star,2,star,True
1671,2,star,2,star,True
1672,2,star,2,star,True
1673,2,star,1,quasar,False
1674,2,star,2,star,True
1675,2,star,2,star,True
1676,2,star,2,star,True
1677,2,star,2,star,True
1678,2,star,1,quasar,False
1679,2,star,2,star,True
1680,2,star,1,quasar,False
1681,2,star,2,star,True
1682,2,star,2,star,True
1683,2,star,2,star,True
1684,2,star,2,star,True
1685,2,star,2,star,True
1686,2,star,2,star,True
1687,2,star,2,star,True
1688,2,star,2,star,True
1689,2,star,1,quasar,False
1690,2,star,2,star,True
1691,2,star,2,star,True
1692,2,star,2,star,True
1693,2,star,2,star,True
1694,2,star,2,star,True
1695,2,star,1,quasar,False
1696,2,star,2,star,True
1697,2,star,2,star,True
1698,2,star,2,star,True
1699,2,star,2,star,True
1700,2,star,2,star,True
1701,2,star,2,star,True
1702,2,star,2,star,True
1703,2,star,2,star,True
1704,2,star,1,quasar,False
1705,2,star,2,star,True
1706,2,star,1,quasar,False
1707,2,star,2,star,True
1708,2,star,2,star,True
1709,2,star,2,star,True
1710,2,star,1,quasar,False
1711,2,star,2,star,True
1712,2,star,2,star,True
1713,2,star,1,quasar,False
1714,2,star,1,quasar,False
1715,2,star,2,star,True
1716,2,star,2,star,True
1717,2,star,2,star,True
1718,2,star,1,quasar,False
1719,2,star,2,star,True
1720,2,star,2,star,True
1721,2,star,2,star,True
1722,2,star,2,star,True
1723,2,star,2,star,True
1724,2,star,1,quasar,False
1725,2,star,2,star,True
1726,2,star,2,star,True
1727,2,star,0,galaxy,False
1728,2,star,2,star,True
1729,2,star,2,star,True
1730,2,star,1,quasar,False
1731,2,star,2,star,True
1732,2,star,2,star,True
1733,2,star,2,star,True
1734,2,star,0,galaxy,False
1735,2,star,1,quasar,False
1736,2,star,1,quasar,False
1737,2,star,2,star,True
1738,2,star,2,star,True
1739,2,star,2,star,True
1740,2,star,2,star,True
1741,2,star,2,star,True
1742,2,star,2,star,True
1743,2,star,2,star,True
1744,2,star,2,star,True
1745,2,star,2,star,True
1746,2,star,2,star,True
1747,2,star,2,star,True
1748,2,star,2,star,True
1749,2,star,1,quasar,False
1750,2,star,2,star,True
1751,2,star,1,quasar,False
1752,2,star,1,quasar,False
1753,2,star,0,galaxy,False
1754,2,star,2,star,True
1755,2,star,2,star,True
1756,2,star,2,star,True
1757,2,star,1,quasar,False
1758,2,star,2,star,True
1759,2,star,1,quasar,False
1760,2,star,2,star,True
1761,2,star,2,star,True
1762,2,star,2,star,True
1763,2,star,1,quasar,False
1764,2,star,2,star,True
1765,2,star,2,star,True
1766,2,star,2,star,True
1767,2,star,2,star,True
1768,2,star,2,star,True
1769,2,star,2,star,True
1770,2,star,2,star,True
1771,2,star,2,star,True
1772,2,star,0,galaxy,False
1773,2,star,1,quasar,False
1774,2,star,1,quasar,False
1775,2,star,1,quasar,False
1776,2,star,1,quasar,False
1777,2,star,1,quasar,False
1778,2,star,2,star,True
1779,2,star,2,star,True
1780,2,star,2,star,True
1781,2,star,2,star,True
1782,2,star,2,star,True
1783,2,star,2,star,True
1784,2,star,2,star,True
1785,2,star,1,quasar,False
1786,2,star,1,quasar,False
1787,2,star,2,star,True
1788,2,star,1,quasar,False
1789,2,star,2,star,True
1790,2,star,2,star,True
1791,2,star,2,star,True
1792,2,star,2,star,True
1793,2,star,1,quasar,False
1794,2,star,2,star,True
1795,2,star,2,star,True
1796,2,star,2,star,True
1797,2,star,2,star,True
1798,2,star,2,star,True
1799,2,star,2,star,True
1800,2,star,1,quasar,False
1801,2,star,2,star,True
1802,2,star,2,star,True
1803,2,star,2,star,True
1804,2,star,2,star,True
1805,2,star,2,star,True
1806,2,star,2,star,True
1807,2,star,2,star,True
1808,2,star,1,quasar,False
1809,2,star,2,star,True
1810,2,star,2,star,True
1811,2,star,2,star,True
1812,2,star,1,quasar,False
1813,2,star,2,star,True
1814,2,star,2,star,True
1815,2,star,2,star,True
1816,2,star,2,star,True
1817,2,star,1,quasar,False
1818,2,star,2,star,True
1819,2,star,2,star,True
1820,2,star,2,star,True
1821,2,star,2,star,True
1822,2,star,2,star,True
1823,2,star,0,galaxy,False
1824,2,star,2,star,True
1825,2,star,2,star,True
1826,2,star,2,star,True
1827,2,star,2,star,True
1828,2,star,1,quasar,False
1829,2,star,2,star,True
1830,2,star,2,star,True
1831,2,star,2,star,True
1832,2,star,1,quasar,False
1833,2,star,2,star,True
1834,2,star,2,star,True
1835,2,star,2,star,True
1836,2,star,2,star,True
1837,2,star,2,star,True
1838,2,star,2,star,True
1839,2,star,2,star,True
1840,2,star,2,star,True
1841,2,star,2,star,True
1842,2,star,2,star,True
1843,2,star,2,star,True
1844,2,star,2,star,True
1845,2,star,2,star,True
1846,2,star,2,star,True
1847,2,star,2,star,True
1848,2,star,2,star,True
1849,2,star,2,star,True
1850,2,star,2,star,True
1851,2,star,2,star,True
1852,2,star,2,star,True
1853,2,star,2,star,True
1854,2,star,2,star,True
1855,2,star,2,star,True
1856,2,star,2,star,True
1857,2,star,2,star,True
1858,2,star,2,star,True
1859,2,star,2,star,True
1860,2,star,2,star,True
1861,2,star,2,star,True
1862,2,star,2,star,True
1863,2,star,2,star,True
1864,2,star,2,star,True
1865,2,star,2,star,True
1866,2,star,2,star,True
1867,2,star,2,star,True
1868,2,star,2,star,True
1869,2,star,2,star,True
1870,2,star,2,star,True
1871,2,star,2,star,True
1872,2,star,2,star,True
1873,2,star,2,star,True
1874,2,star,2,star,True
1875,2,star,2,star,True
1876,2,star,2,star,True
1877,2,star,2,star,True
1878,2,star,2,star,True
1879,2,star,2,star,True
1880,2,star,2,star,True
1881,2,star,2,star,True
1882,2,star,2,star,True
1883,2,star,2,star,True
1884,2,star,2,star,True
1885,2,star,2,star,True
1886,2,star,2,star,True
1887,2,star,2,star,True
1888,2,star,2,star,True
1889,2,star,2,star,True
1890,2,star,2,star,True
1891,2,star,0,galaxy,False
1892,2,star,0,galaxy,False
1893,2,star,2,star,True
1894,2,star,1,quasar,False
1895,2,star,2,star,True
1896,2,star,2,star,True
1897,2,star,2,star,True
1898,2,star,2,star,True
1899,2,star,2,star,True
1900,2,star,2,star,True
1901,2,star,2,star,True
1902,2,star,2,star,True
1903,2,star,2,star,True
1904,2,star,2,star,True
1905,2,star,2,star,True
1906,2,star,2,star,True
1907,2,star,2,star,True
1908,2,star,2,star,True
1909,2,star,2,star,True
1910,2,star,2,star,True
1911,2,star,2,star,True
1912,2,star,2,star,True
1913,2,star,2,star,True
1914,2,star,2,star,True
1915,2,star,2,star,True
1916,2,star,2,star,True
1917,2,star,2,star,True
1918,2,star,2,star,True
1919,2,star,1,quasar,False
1920,2,star,2,star,True
1921,2,star,2,star,True
1922,2,star,2,star,True
1923,2,star,2,star,True
1924,2,star,2,star,True
1925,2,star,2,star,True
1926,2,star,2,star,True
1927,2,star,1,quasar,False
1928,2,star,2,star,True
1929,2,star,2,star,True
1930,2,star,1,quasar,False
1931,2,star,1,quasar,False
1932,2,star,2,star,True
1933,2,star,2,star,True
1934,2,star,1,quasar,False
1935,2,star,1,quasar,False
1936,2,star,2,star,True
1937,2,star,2,star,True
1938,2,star,2,star,True
1939,2,star,2,star,True
1940,2,star,2,star,True
1941,2,star,2,star,True
1942,2,star,2,star,True
1943,2,star,1,quasar,False
1944,2,star,2,star,True
1945,2,star,2,star,True
1946,2,star,2,star,True
1947,2,star,2,star,True
1948,2,star,2,star,True
1949,2,star,2,star,True
1950,2,star,2,star,True
1951,2,star,2,star,True
1952,2,star,1,quasar,False
1953,2,star,1,quasar,False
1954,2,star,2,star,True
1955,2,star,2,star,True
1956,2,star,2,star,True
1957,2,star,2,star,True
1958,2,star,2,star,True
1959,2,star,2,star,True
1960,2,star,2,star,True
1961,2,star,2,star,True
1962,2,star,1,quasar,False
1963,2,star,2,star,True
1964,2,star,2,star,True
1965,2,star,2,star,True
1966,2,star,2,star,True
1967,2,star,2,star,True
1968,2,star,2,star,True
1969,2,star,2,star,True
1970,2,star,1,quasar,False
1971,2,star,2,star,True
1972,2,star,2,star,True
1973,2,star,1,quasar,False
1974,2,star,2,star,True
1975,2,star,2,star,True
1976,2,star,0,galaxy,False
1977,2,star,2,star,True
1978,2,star,2,star,True
1979,2,star,2,star,True
1980,2,star,2,star,True
1981,2,star,2,star,True
1982,2,star,2,star,True
1983,2,star,2,star,True
1984,2,star,1,quasar,False
1985,2,star,1,quasar,False
1986,2,star,1,quasar,False
1987,2,star,2,star,True
1988,2,star,1,quasar,False
1989,2,star,2,star,True
1990,2,star,2,star,True
1991,2,star,2,star,True
1992,2,star,2,star,True
1993,2,star,2,star,True
1994,2,star,2,star,True
1995,2,star,2,star,True
1996,2,star,1,quasar,False
1997,2,star,1,quasar,False
1998,2,star,1,quasar,False
1999,2,star,1,quasar,False
2000,2,star,2,star,True
2001,2,star,2,star,True
2002,2,star,2,star,True
2003,2,star,2,star,True
2004,2,star,2,star,True
2005,2,star,2,star,True
2006,2,star,2,star,True
2007,2,star,2,star,True
2008,2,star,2,star,True
2009,2,star,1,quasar,False
2010,2,star,2,star,True
2011,2,star,1,quasar,False
2012,2,star,2,star,True
2013,2,star,1,quasar,False
2014,2,star,2,star,True
2015,2,star,2,star,True
2016,2,star,1,quasar,False
2017,2,star,2,star,True
2018,2,star,2,star,True
2019,2,star,2,star,True
2020,2,star,2,star,True
2021,2,star,1,quasar,False
2022,2,star,2,star,True
2023,2,star,2,star,True
2024,2,star,2,star,True
2025,2,star,2,star,True
2026,2,star,2,star,True
2027,2,star,2,star,True
2028,2,star,1,quasar,False
2029,2,star,2,star,True
2030,2,star,2,star,True
2031,2,star,0,galaxy,False
2032,2,star,2,star,True
2033,2,star,1,quasar,False
2034,2,star,2,star,True
2035,2,star,2,star,True
2036,2,star,1,quasar,False
2037,2,star,2,star,True
2038,2,star,1,quasar,False
2039,2,star,2,star,True
2040,2,star,2,star,True
2041,2,star,1,quasar,False
2042,2,star,2,star,True
2043,2,star,2,star,True
2044,2,star,2,star,True
2045,2,star,2,star,True
2046,2,star,1,quasar,False
2047,2,star,2,star,True
2048,2,star,1,quasar,False
2049,2,star,2,star,True
2050,2,star,2,star,True
2051,2,star,2,star,True
2052,2,star,2,star,True
2053,2,star,2,star,True
2054,2,star,2,star,True
2055,2,star,2,star,True
2056,2,star,2,star,True
2057,2,star,2,star,True
2058,2,star,2,star,True
2059,2,star,1,quasar,False
2060,2,star,2,star,True
2061,2,star,2,star,True
2062,2,star,2,star,True
2063,2,star,2,star,True
2064,2,star,2,star,True
2065,2,star,2,star,True
2066,2,star,1,quasar,False
2067,2,star,2,star,True
2068,2,star,2,star,True
2069,2,star,2,star,True
2070,2,star,2,star,True
2071,2,star,2,star,True
2072,2,star,2,star,True
2073,2,star,2,star,True
2074,2,star,2,star,True
2075,2,star,2,star,True
2076,2,star,2,star,True
2077,2,star,2,star,True
2078,2,star,2,star,True
2079,2,star,2,star,True
2080,2,star,2,star,True
2081,2,star,1,quasar,False
2082,2,star,2,star,True
2083,2,star,2,star,True
2084,2,star,0,galaxy,False
2085,2,star,2,star,True
2086,2,star,2,star,True
2087,2,star,2,star,True
2088,2,star,2,star,True
2089,2,star,2,star,True
2090,2,star,2,star,True
2091,2,star,2,star,True
2092,2,star,1,quasar,False
2093,2,star,2,star,True
2094,2,star,2,star,True
2095,2,star,1,quasar,False
2096,2,star,2,star,True
2097,2,star,2,star,True
2098,2,star,2,star,True
2099,2,star,1,quasar,False
2100,2,star,2,star,True
2101,2,star,1,quasar,False
2102,2,star,2,star,True
2103,2,star,2,star,True
2104,2,star,1,quasar,False
2105,2,star,2,star,True
2106,2,star,2,star,True
2107,2,star,2,star,True
2108,2,star,1,quasar,False
2109,2,star,1,quasar,False
2110,2,star,2,star,True
2111,2,star,2,star,True
2112,2,star,2,star,True
2113,2,star,2,star,True
2114,2,star,2,star,True
2115,2,star,2,star,True
2116,2,star,2,star,True
2117,2,star,2,star,True
2118,2,star,2,star,True
2119,2,star,2,star,True
2120,2,star,2,star,True
2121,2,star,2,star,True
2122,2,star,2,star,True
2123,2,star,2,star,True
2124,2,star,2,star,True
2125,2,star,2,star,True
2126,2,star,2,star,True
2127,2,star,2,star,True
2128,2,star,1,quasar,False
2129,2,star,1,quasar,False
2130,2,star,2,star,True
2131,2,star,2,star,True
2132,2,star,2,star,True
2133,2,star,2,star,True
2134,2,star,2,star,True
2135,2,star,2,star,True
2136,2,star,2,star,True
2137,2,star,2,star,True
2138,2,star,2,star,True
2139,2,star,2,star,True
2140,2,star,2,star,True
2141,2,star,2,star,True
2142,2,star,2,star,True
2143,2,star,2,star,True
2144,2,star,2,star,True
2145,2,star,1,quasar,False
2146,2,star,2,star,True
2147,2,star,2,star,True
2148,2,star,2,star,True
2149,2,star,2,star,True
2150,2,star,2,star,True
2151,2,star,2,star,True
2152,2,star,2,star,True
2153,2,star,2,star,True
2154,2,star,2,star,True
2155,2,star,2,star,True
2156,2,star,2,star,True
2157,2,star,2,star,True
2158,2,star,0,galaxy,False
2159,2,star,2,star,True
2160,2,star,1,quasar,False
2161,2,star,2,star,True
2162,2,star,2,star,True
2163,2,star,2,star,True
2164,2,star,2,star,True
2165,2,star,2,star,True
2166,2,star,1,quasar,False
2167,2,star,1,quasar,False
2168,2,star,2,star,True
2169,2,star,2,star,True
2170,2,star,1,quasar,False
2171,2,star,2,star,True
2172,2,star,2,star,True
2173,2,star,2,star,True
2174,2,star,2,star,True
2175,2,star,1,quasar,False
2176,2,star,2,star,True
2177,2,star,2,star,True
2178,2,star,2,star,True
2179,2,star,2,star,True
2180,2,star,1,quasar,False
2181,2,star,2,star,True
2182,2,star,2,star,True
2183,2,star,2,star,True
2184,2,star,1,quasar,False
2185,2,star,2,star,True
2186,2,star,2,star,True
2187,2,star,2,star,True
2188,2,star,2,star,True
2189,2,star,2,star,True
2190,2,star,2,star,True
2191,2,star,2,star,True
2192,2,star,2,star,True
2193,2,star,2,star,True
2194,2,star,2,star,True
2195,2,star,2,star,True
2196,2,star,2,star,True
2197,2,star,2,star,True
2198,2,star,2,star,True
2199,2,star,2,star,True
2200,2,star,2,star,True
2201,2,star,2,star,True
2202,2,star,2,star,True
2203,2,star,2,star,True
2204,2,star,1,quasar,False
2205,2,star,2,star,True
2206,2,star,2,star,True
2207,2,star,2,star,True
2208,2,star,2,star,True
2209,2,star,2,star,True
2210,2,star,2,star,True
2211,2,star,2,star,True
2212,2,star,2,star,True
2213,2,star,2,star,True
2214,2,star,1,quasar,False
2215,2,star,2,star,True
2216,2,star,1,quasar,False
2217,2,star,2,star,True
2218,2,star,2,star,True
2219,2,star,2,star,True
2220,2,star,2,star,True
2221,2,star,2,star,True
2222,2,star,2,star,True
2223,2,star,2,star,True
2224,2,star,2,star,True
2225,2,star,2,star,True
2226,2,star,2,star,True
2227,2,star,2,star,True
2228,2,star,2,star,True
2229,2,star,2,star,True
2230,2,star,2,star,True
2231,2,star,2,star,True
2232,2,star,1,quasar,False
2233,2,star,2,star,True
2234,2,star,1,quasar,False
2235,2,star,2,star,True
2236,2,star,2,star,True
2237,2,star,2,star,True
2238,2,star,2,star,True
2239,2,star,2,star,True
2240,2,star,2,star,True
2241,2,star,2,star,True
2242,2,star,1,quasar,False
2243,2,star,2,star,True
2244,2,star,2,star,True
2245,2,star,2,star,True
2246,2,star,2,star,True
2247,2,star,2,star,True
2248,2,star,2,star,True
2249,2,star,2,star,True
2250,2,star,1,quasar,False
2251,2,star,2,star,True
2252,2,star,2,star,True
2253,2,star,2,star,True
2254,2,star,2,star,True
2255,2,star,1,quasar,False
2256,2,star,1,quasar,False
2257,2,star,0,galaxy,False
2258,2,star,1,quasar,False
2259,2,star,2,star,True
2260,2,star,1,quasar,False
2261,2,star,2,star,True
2262,2,star,1,quasar,False
2263,2,star,2,star,True
2264,2,star,0,galaxy,False
2265,2,star,2,star,True
2266,2,star,2,star,True
2267,2,star,2,star,True
2268,2,star,2,star,True
2269,2,star,2,star,True
2270,2,star,2,star,True
2271,2,star,2,star,True
2272,2,star,1,quasar,False
2273,2,star,2,star,True
2274,2,star,2,star,True
2275,2,star,1,quasar,False
2276,2,star,0,galaxy,False
2277,2,star,2,star,True
2278,2,star,2,star,True
2279,2,star,2,star,True
2280,2,star,1,quasar,False
2281,2,star,2,star,True
2282,2,star,2,star,True
2283,2,star,2,star,True
2284,2,star,2,star,True
2285,2,star,2,star,True
2286,2,star,2,star,True
2287,2,star,2,star,True
2288,2,star,2,star,True
2289,2,star,2,star,True
2290,2,star,0,galaxy,False
2291,2,star,2,star,True
2292,2,star,1,quasar,False
2293,2,star,2,star,True
2294,2,star,2,star,True
2295,2,star,2,star,True
2296,2,star,2,star,True
2297,2,star,2,star,True
2298,2,star,2,star,True
2299,2,star,2,star,True
2300,2,star,2,star,True
2301,2,star,2,star,True
2302,2,star,2,star,True
2303,2,star,2,star,True
2304,2,star,2,star,True
2305,2,star,2,star,True
2306,2,star,2,star,True
2307,2,star,2,star,True
2308,2,star,2,star,True
2309,2,star,2,star,True
2310,2,star,2,star,True
2311,2,star,2,star,True
2312,2,star,2,star,True
2313,2,star,2,star,True
2314,2,star,2,star,True
2315,2,star,2,star,True
2316,2,star,2,star,True
2317,2,star,1,quasar,False
2318,2,star,2,star,True
2319,2,star,0,galaxy,False
2320,2,star,2,star,True
2321,2,star,2,star,True
2322,2,star,2,star,True
2323,2,star,2,star,True
2324,2,star,2,star,True
2325,2,star,2,star,True
2326,2,star,2,star,True
2327,2,star,2,star,True
2328,2,star,2,star,True
2329,2,star,2,star,True
2330,2,star,2,star,True
2331,2,star,2,star,True
2332,2,star,2,star,True
2333,2,star,2,star,True
2334,2,star,2,star,True
2335,2,star,2,star,True
2336,2,star,2,star,True
2337,2,star,1,quasar,False
2338,2,star,1,quasar,False
2339,2,star,2,star,True
2340,2,star,2,star,True
2341,2,star,2,star,True
2342,2,star,2,star,True
2343,2,star,2,star,True
2344,2,star,2,star,True
2345,2,star,2,star,True
2346,2,star,2,star,True
2347,2,star,2,star,True
2348,2,star,1,quasar,False
2349,2,star,2,star,True
2350,2,star,2,star,True
2351,2,star,2,star,True
2352,2,star,2,star,True
2353,2,star,2,star,True
